{"mdb_mel": 0.4847095517123704, "orchset": 0.1513213546837004, "su": 0.29256508072901644, "maps": 0.29852931020527906, "wj_mel": 0.6050717389779376, "wj_bass": 0.44439165055805685, "ikala": 0.653788878735574, "bach10": 0.4814608373456334, "mdb_mf0": 0.2764816674414059}