{"mdb_mel": 0.5691049888590882, "orchset": 0.21421892305859502, "su": 0.38253828294487596, "maps": 0.3918068669367352, "wj_mel": 0.6905923028968757, "wj_bass": 0.45067561775985354, "ikala": 0.6744551054252548, "bach10": 0.5527583523015622, "mdb_mf0": 0.3966059289877479}