{"mdb_mel": 0.5080951630257737, "orchset": 0.18263828000188773, "su": 0.3742363657113742, "maps": 0.3948906509892001, "wj_mel": 0.6374782058333491, "wj_bass": 0.4363228996519495, "ikala": 0.3626637222052998, "bach10": 0.5239829953740972, "mdb_mf0": 0.3599875942171649}