{"vocal": 0.7000000000000001, "melody": 0.5, "bass": 0.30000000000000004, "multif0": 0.30000000000000004}