{"mdb_mel": 0.5904136692441043, "orchset": 0.2754078240981878, "su": 0.42099116983257473, "maps": 0.4210010560427326, "wj_mel": 0.702845951188173, "wj_bass": 0.45468975650707727, "ikala": 0.7066876501844522, "bach10": 0.6067481187419375, "mdb_mf0": 0.42015907342236586}