{"mdb_mel": 0.5029099482260505, "orchset": 0.1687990004697745, "su": 0.4166261081686648, "maps": 0.45056951334568596, "wj_mel": 0.6270323840657727, "wj_bass": 0.4403277012024701, "ikala": 0.6253130605476026, "bach10": 0.5336774310419429, "mdb_mf0": 0.4162808200313548}