,Precision,Recall,Accuracy,Substitution Error,Miss Error,False Alarm Error,Total Error,Chroma Precision,Chroma Recall,Chroma Accuracy,Chroma Substitution Error,Chroma Miss Error,Chroma False Alarm Error,Chroma Total Error
count,28.0,28.0,28.0,28.0,28.0,28.0,28.0,28.0,28.0,28.0,28.0,28.0,28.0,28.0
mean,0.310803903331,0.572218139184,0.23457295502,0.26496724949,0.162814611325,1.29915735656,1.72693921738,0.380646751419,0.691894115209,0.300990019518,0.145291273465,0.162814611325,1.29915735656,1.60726324136
std,0.138573133526,0.164037199056,0.0790837027726,0.104870568202,0.172365539318,0.815406255418,0.721298002227,0.166541037859,0.169534866388,0.0938970872469,0.0578140214311,0.172365539318,0.815406255418,0.722199506954
min,0.161075252677,0.176460707187,0.141944703226,0.0950474537361,0.00469851213782,0.0079719477029,0.454393486246,0.18132692885,0.231270472298,0.172200377757,0.0402376886251,0.00469851213782,0.0079719477029,0.375604125681
25%,0.237046780698,0.46390593186,0.177179712049,0.194605084263,0.0222018361042,0.737777473629,1.26251013925,0.272010879507,0.631549589677,0.244662081404,0.108077674049,0.0222018361042,0.737777473629,1.07359901342
50%,0.271483617804,0.611599154702,0.216220402786,0.23972275936,0.108607222796,1.44486650083,1.70243733271,0.310686769003,0.724759345337,0.262706072115,0.131794349185,0.108607222796,1.44486650083,1.56013122373
75%,0.332117103956,0.691256940703,0.252928806511,0.324554039517,0.250593349984,1.83720338494,2.22764466985,0.42839150668,0.794783231447,0.350783586323,0.180433590541,0.250593349984,1.83720338494,2.06412574263
max,0.751343525684,0.817280083529,0.475007068272,0.52618704295,0.728491839077,3.27427534298,3.58687877008,0.856377293847,0.916640386839,0.579919105645,0.288275862069,0.728491839077,3.27427534298,3.50045374473
